timestamp,device_id,pet_id,steps,activity_duration,step_frequency,rest_period,noise_flag,battery_level,temperature,anomaly_detected
26:01.2,1095,5019,81,489,0.17,166,0,34,23.3,0
39:26.2,1098,5030,217,577,0.38,156,1,89,23.3,0
56:11.2,1053,5051,205,442,0.46,58,0,49,23.3,0
57:29.2,1090,5025,366,548,0.67,88,1,43,23.3,0
35:33.2,1025,5071,341,180,1.89,78,1,92,23.3,0
04:02.2,1023,5009,355,122,2.91,14,0,69,23.3,0
59:56.2,1013,5067,112,333,0.34,84,1,13,23.3,0
24:51.2,1099,5026,25,433,0.06,285,0,64,23.3,0
50:34.2,1000,5064,97,213,0.46,71,0,98,23.3,0
11:39.2,1005,5092,408,269,1.52,37,1,70,23.3,0
04:49.2,1081,5061,350,174,2.01,182,1,94,23.3,0
11:12.2,1041,5082,422,509,0.83,202,1,98,23.3,0
44:36.2,1055,5071,306,576,0.53,288,1,41,23.3,0
44:11.2,1032,5092,220,282,0.78,142,1,33,23.3,0
01:45.2,1091,5021,78,434,0.18,69,1,45,23.3,0
17:18.2,1027,5038,227,310,0.73,56,1,29,23.3,1
19:54.2,1037,5054,471,34,13.85,79,0,26,23.3,0
51:05.2,1058,5019,478,239,2,298,1,87,23.3,0
42:38.2,1032,5069,117,60,1.95,269,1,66,23.3,0
04:04.2,1098,5073,302,469,0.64,193,1,97,23.3,0
42:16.2,1093,5033,490,442,1.11,256,0,12,23.3,0
50:47.2,1084,5064,95,501,0.19,5,1,65,23.3,0
56:42.2,1001,5017,280,534,0.52,149,1,80,23.3,0
51:33.2,1014,5012,237,485,0.49,278,1,42,23.3,0
43:53.2,1067,5097,143,541,0.26,51,1,49,23.3,0
36:00.2,1007,5049,76,197,0.39,128,1,89,23.3,0
40:22.2,1041,5011,192,504,0.38,251,1,25,23.3,0
02:25.2,1016,5004,42,568,0.07,255,0,32,23.3,0
14:46.2,1069,5047,40,156,0.26,230,1,64,23.3,0
55:20.2,1059,5068,67,453,0.15,190,1,61,23.3,0
16:55.2,1006,5095,403,418,0.96,218,1,44,23.3,0
25:04.2,1007,5072,356,455,0.78,36,1,25,23.3,0
49:19.2,1067,5089,126,497,0.25,283,0,98,23.3,0
32:32.2,1012,5031,312,577,0.54,241,1,45,23.3,0
38:44.2,1000,5061,434,532,0.82,8,0,53,23.3,0
28:23.2,1084,5019,354,542,0.65,221,0,60,23.3,0
42:37.2,1075,5019,265,115,2.3,179,1,60,23.3,0
36:03.2,1038,5083,390,28,13.93,10,0,57,23.3,0
55:51.2,1018,5009,7,305,0.02,119,0,62,23.3,0
09:40.2,1090,5006,449,511,0.88,126,0,83,23.3,0
55:51.2,1012,5075,127,373,0.34,62,1,22,23.3,0
44:23.2,1047,5069,269,548,0.49,215,0,20,23.3,0
09:44.2,1059,5089,337,137,2.46,233,1,32,23.3,0
25:27.2,1028,5013,225,529,0.43,227,0,10,23.3,0
54:05.2,1053,5033,415,559,0.74,23,1,85,23.3,0
39:48.2,1023,5068,155,31,5,185,0,98,23.3,0
58:39.2,1065,5057,465,401,1.16,59,1,61,23.3,0
32:29.2,1079,5026,121,142,0.85,68,1,47,23.3,1
03:40.2,1005,5093,108,466,0.23,111,0,52,23.3,0
36:21.2,1000,5069,52,156,0.33,234,1,50,23.3,0
45:24.2,1095,5004,243,192,1.27,146,0,58,23.3,0
30:34.2,1067,5027,365,571,0.64,245,0,32,23.3,0
33:15.2,1023,5012,222,31,7.16,285,0,95,23.3,0
03:44.2,1000,5092,54,459,0.12,20,0,91,23.3,0
37:26.2,1037,5079,50,531,0.09,293,1,69,23.3,0
48:05.2,1090,5014,499,589,0.85,255,1,16,23.3,0
42:05.2,1033,5046,361,209,1.73,178,0,39,23.3,0
23:38.2,1038,5084,103,54,1.91,259,1,14,23.3,0
42:48.2,1041,5063,480,61,7.87,31,1,96,23.3,0
52:35.2,1072,5095,144,410,0.35,278,1,62,23.3,0
29:47.2,1018,5057,140,399,0.35,171,0,17,23.3,0
53:46.2,1031,5098,467,198,2.36,281,0,65,23.3,0
28:23.2,1010,5034,449,342,1.31,187,0,11,23.3,0
50:47.2,1016,5093,275,389,0.71,295,1,68,23.3,0
14:55.2,1025,5016,86,505,0.17,174,1,23,23.3,0
53:38.2,1040,5053,29,44,0.66,224,1,63,23.3,0
47:09.2,1048,5049,80,166,0.48,209,1,94,23.3,0
59:23.2,1064,5000,1,596,0,238,0,74,23.3,0
04:37.2,1038,5068,230,156,1.47,186,1,61,23.3,0
44:47.2,1017,5082,48,331,0.15,278,1,69,23.3,0
41:04.2,1096,5095,402,316,1.27,239,0,13,23.3,0
35:55.2,1094,5075,18,116,0.16,10,0,74,23.3,0
34:09.2,1075,5040,146,223,0.65,78,1,64,23.3,1
24:42.2,1037,5031,263,268,0.98,263,1,53,23.3,0
32:03.2,1014,5035,255,224,1.14,65,0,51,23.3,0
28:56.2,1094,5090,238,34,7,187,1,14,23.3,0
39:14.2,1069,5028,407,376,1.08,93,0,44,23.3,0
31:32.2,1076,5037,345,487,0.71,243,1,15,23.3,0
42:13.2,1066,5005,368,163,2.26,186,0,89,23.3,0
28:05.2,1012,5054,402,378,1.06,253,1,41,23.3,0
57:21.2,1090,5044,486,71,6.85,217,1,31,23.3,0
27:06.2,1026,5028,486,457,1.06,194,1,32,23.3,1
38:10.2,1027,5048,70,480,0.15,97,0,79,23.3,0
24:36.2,1089,5056,155,152,1.02,94,1,24,23.3,0
14:47.2,1096,5054,203,338,0.6,8,1,72,23.3,0
46:58.2,1067,5046,335,445,0.75,75,1,74,23.3,0
12:08.2,1073,5092,321,501,0.64,65,0,51,23.3,0
07:07.2,1061,5068,490,462,1.06,136,1,98,23.3,0
53:26.2,1026,5003,36,146,0.25,250,1,21,23.3,1
34:58.2,1004,5042,54,420,0.13,81,1,45,23.3,0
34:13.2,1020,5013,32,412,0.08,189,0,91,23.3,0
35:14.2,1028,5094,337,139,2.42,194,1,60,23.3,0
16:23.2,1041,5074,65,112,0.58,141,0,63,23.3,0
38:05.2,1004,5026,15,159,0.09,223,1,13,23.3,0
42:46.2,1042,5094,428,23,18.61,278,1,20,23.3,1
22:19.2,1024,5081,495,596,0.83,291,0,80,23.3,0
00:12.2,1090,5082,114,93,1.23,39,0,94,23.3,0
14:39.2,1000,5055,435,220,1.98,73,0,80,23.3,0
45:18.2,1030,5037,126,462,0.27,296,0,80,23.3,0
33:20.2,1026,5087,205,537,0.38,181,1,22,23.3,0
19:04.2,1087,5044,211,420,0.5,218,1,39,23.3,0
17:35.2,1061,5000,251,408,0.62,83,0,98,23.3,0
30:01.2,1006,5053,405,571,0.71,236,0,70,23.3,0
44:52.2,1066,5014,370,514,0.72,190,0,29,23.3,0
37:26.2,1082,5006,213,350,0.61,55,1,47,23.3,1
43:37.2,1070,5022,50,392,0.13,297,1,96,23.3,0
40:22.2,1027,5054,346,439,0.79,3,1,25,23.3,0
32:01.2,1074,5076,430,588,0.73,33,1,43,23.3,0
20:52.2,1002,5090,240,211,1.14,207,1,84,23.3,0
17:51.2,1093,5082,406,229,1.77,83,1,40,23.3,0
23:59.2,1093,5096,126,290,0.43,243,0,26,23.3,0
33:08.2,1054,5023,317,554,0.57,159,0,32,23.3,0
07:09.2,1016,5040,128,217,0.59,176,1,19,23.3,0
29:51.2,1044,5013,90,455,0.2,135,1,50,23.3,0
52:39.2,1047,5014,208,271,0.77,6,0,31,23.3,0
59:08.2,1036,5095,431,507,0.85,223,0,38,23.3,0
48:35.2,1025,5030,18,397,0.05,222,0,90,23.3,0
27:19.2,1008,5059,499,287,1.74,56,0,72,23.3,0
36:46.2,1029,5026,92,369,0.25,74,1,57,23.3,0
37:03.2,1076,5076,281,184,1.53,48,1,74,23.3,0
13:28.2,1035,5065,341,147,2.32,251,1,63,23.3,0
49:34.2,1005,5015,270,105,2.57,53,0,43,23.3,0
04:19.2,1055,5017,455,241,1.89,291,1,15,23.3,0
38:38.2,1098,5064,289,589,0.49,45,0,65,23.3,0
10:53.2,1031,5017,418,334,1.25,70,0,91,23.3,0
18:40.2,1037,5062,218,549,0.4,141,0,38,23.3,0
10:49.2,1020,5045,399,153,2.61,92,0,72,23.3,0
18:24.2,1001,5055,294,38,7.74,154,1,44,23.3,0
14:34.2,1083,5098,131,489,0.27,138,0,56,23.3,0
17:10.2,1094,5090,357,437,0.82,175,0,89,23.3,0
12:39.2,1066,5091,483,292,1.65,26,0,82,23.3,0
30:14.2,1085,5015,268,479,0.56,50,0,26,23.3,0
16:39.2,1053,5009,202,577,0.35,210,0,88,23.3,0
43:22.2,1099,5064,112,146,0.77,208,0,68,23.3,0
35:23.2,1044,5076,395,383,1.03,225,0,97,23.3,0
48:26.2,1095,5013,314,537,0.58,70,0,66,23.3,1
10:32.2,1078,5031,321,213,1.51,114,0,38,23.3,0
05:10.2,1003,5061,286,173,1.65,80,0,39,23.3,0
11:17.2,1043,5004,319,306,1.04,47,0,22,23.3,0
12:21.2,1089,5023,252,402,0.63,293,0,51,23.3,0
47:51.2,1034,5097,491,398,1.23,1,1,15,23.3,0
27:35.2,1081,5048,469,53,8.85,288,0,89,23.3,0
09:20.2,1029,5088,493,23,21.43,147,0,75,23.3,0
05:29.2,1087,5097,384,24,16,73,0,93,23.3,0
25:53.2,1052,5089,208,226,0.92,200,1,44,23.3,0
06:54.2,1069,5080,188,421,0.45,155,0,30,23.3,0
12:02.2,1097,5065,253,150,1.69,74,1,96,23.3,0
13:24.2,1075,5095,172,373,0.46,188,0,52,23.3,0
09:48.2,1033,5072,398,391,1.02,194,1,62,23.3,0
17:48.2,1084,5076,224,416,0.54,205,0,37,23.3,0
00:02.2,1026,5025,214,302,0.71,54,0,94,23.3,0
33:46.2,1043,5077,250,214,1.17,63,0,59,23.3,0
09:19.2,1006,5063,190,379,0.5,133,0,76,23.3,0
40:54.2,1065,5052,43,427,0.1,110,0,80,23.3,0
40:49.2,1097,5084,497,531,0.94,190,0,81,23.3,0
04:16.2,1085,5004,138,398,0.35,120,1,54,23.3,0
18:53.2,1087,5051,110,362,0.3,118,0,35,23.3,0
57:47.2,1061,5041,230,25,9.2,239,1,19,23.3,0
11:23.2,1068,5020,452,319,1.42,139,1,42,23.3,0
58:28.2,1011,5086,315,305,1.03,111,0,56,23.3,0
16:57.2,1059,5015,231,113,2.04,118,1,28,23.3,0
26:01.2,1049,5060,56,390,0.14,53,0,93,23.3,0
37:04.2,1097,5076,152,577,0.26,69,0,22,23.3,0
22:11.2,1089,5050,176,388,0.45,291,0,54,23.3,0
56:32.2,1030,5050,152,129,1.18,265,1,92,23.3,1
42:45.2,1077,5076,133,143,0.93,269,0,41,23.3,0
24:13.2,1076,5004,85,280,0.3,128,1,56,23.3,0
25:13.2,1019,5007,459,556,0.83,184,1,50,23.3,0
38:55.2,1001,5050,125,572,0.22,269,0,99,23.3,0
33:51.2,1083,5018,366,521,0.7,276,1,55,23.3,0
52:55.2,1006,5087,245,103,2.38,113,1,80,23.3,0
54:10.2,1004,5096,496,247,2.01,230,0,50,23.3,0
10:01.2,1085,5027,124,289,0.43,9,0,57,23.3,0
13:08.2,1032,5023,177,133,1.33,43,1,91,23.3,0
51:49.2,1046,5036,468,262,1.79,171,0,80,23.3,0
02:17.2,1068,5066,249,40,6.22,242,1,32,23.3,1
04:08.2,1082,5018,322,222,1.45,264,0,84,23.3,0
37:26.2,1090,5096,384,525,0.73,59,1,61,23.3,0
15:09.2,1023,5030,111,125,0.89,155,0,78,23.3,0
42:06.2,1022,5065,218,579,0.38,81,1,50,23.3,0
37:54.2,1067,5016,292,513,0.57,2,0,24,23.3,0
09:04.2,1078,5088,459,96,4.78,88,0,95,23.3,0
50:44.2,1018,5073,435,443,0.98,253,1,34,23.3,0
52:22.2,1013,5093,345,285,1.21,232,0,70,23.3,0
57:08.2,1017,5037,172,407,0.42,130,0,28,23.3,0
14:29.2,1059,5032,41,195,0.21,82,0,40,23.3,0
08:50.2,1073,5015,155,514,0.3,81,1,57,23.3,0
25:09.2,1010,5097,356,274,1.3,82,1,35,23.3,0
40:46.2,1049,5045,372,166,2.24,138,1,36,23.3,0
53:05.2,1015,5069,300,409,0.73,259,0,75,23.3,0
45:36.2,1036,5048,430,360,1.19,229,0,35,23.3,0
15:58.2,1046,5081,318,460,0.69,47,1,20,23.3,1
49:46.2,1045,5066,236,381,0.62,122,0,47,23.3,1
57:39.2,1055,5075,494,234,2.11,113,0,22,23.3,0
09:43.2,1095,5010,316,435,0.73,26,0,25,23.3,0
15:32.2,1092,5057,390,513,0.76,230,0,91,23.3,0
18:33.2,1016,5014,326,31,10.52,221,0,62,23.3,0
19:38.2,1077,5013,296,394,0.75,153,1,92,23.3,0
27:41.2,1023,5020,68,460,0.15,82,0,37,23.3,0
38:53.2,1082,5036,229,129,1.78,263,0,88,23.3,0
18:32.2,1000,5001,16,447,0.04,137,1,98,23.3,0
15:55.2,1021,5095,70,317,0.22,43,1,91,23.3,0
56:10.2,1013,5033,207,123,1.68,93,1,57,23.3,0
27:04.2,1095,5075,369,71,5.2,35,0,14,23.3,0
43:47.2,1087,5075,430,568,0.76,233,0,35,23.3,0
43:07.2,1011,5069,125,566,0.22,155,0,48,23.3,0
07:50.2,1056,5041,203,543,0.37,149,0,29,23.3,0
57:13.2,1046,5024,271,527,0.51,11,0,39,23.3,0
49:28.2,1030,5004,185,48,3.85,152,0,66,23.3,0
53:59.2,1090,5094,76,402,0.19,13,1,83,23.3,0
41:00.2,1017,5020,221,211,1.05,197,1,85,23.3,1
36:52.2,1047,5021,336,441,0.76,192,1,97,23.3,0
49:09.2,1066,5024,358,387,0.93,271,1,80,23.3,0
36:51.2,1030,5055,361,78,4.63,216,1,46,23.3,0
05:36.2,1015,5001,43,415,0.1,290,0,10,23.3,0
43:32.2,1010,5083,341,218,1.56,187,1,93,23.3,0
56:46.2,1050,5024,186,125,1.49,21,1,74,23.3,0
05:04.2,1038,5004,353,300,1.18,10,1,22,23.3,1
33:52.2,1088,5022,120,227,0.53,22,0,52,23.3,0
50:08.2,1009,5081,255,27,9.44,101,0,76,23.3,0
57:21.2,1008,5063,34,226,0.15,61,1,23,23.3,0
53:47.2,1090,5099,478,338,1.41,150,0,48,23.3,0
28:47.2,1033,5023,169,256,0.66,119,1,79,23.3,0
49:26.2,1089,5010,72,254,0.28,107,0,20,23.3,1
28:51.2,1044,5046,335,346,0.97,101,0,78,23.3,0
29:52.2,1009,5099,117,243,0.48,154,0,79,23.3,0
45:23.2,1046,5024,190,387,0.49,299,0,17,23.3,0
38:46.2,1007,5007,264,333,0.79,183,0,13,23.3,1
45:46.2,1049,5076,439,518,0.85,285,1,83,23.3,0
47:56.2,1092,5084,273,188,1.45,6,1,83,23.3,1
54:15.2,1083,5061,329,406,0.81,27,1,71,23.3,0
20:42.2,1048,5062,484,392,1.23,189,0,11,23.3,0
36:47.2,1081,5092,163,86,1.9,114,0,21,23.3,0
09:04.2,1093,5069,336,384,0.88,247,0,88,23.3,0
07:34.2,1007,5090,328,92,3.57,253,1,36,23.3,0
16:38.2,1012,5017,322,87,3.7,187,1,35,23.3,0
07:26.2,1095,5079,410,36,11.39,47,0,37,23.3,0
55:46.2,1022,5086,239,235,1.02,39,1,46,23.3,0
54:40.2,1092,5055,383,583,0.66,200,0,13,23.3,0
44:49.2,1001,5000,445,63,7.06,75,0,10,23.3,0
21:19.2,1025,5030,194,13,14.92,159,0,97,23.3,0
11:53.2,1046,5013,123,136,0.9,108,1,21,23.3,0
00:58.2,1099,5045,446,442,1.01,159,0,68,23.3,0
59:56.2,1097,5054,100,228,0.44,115,1,62,23.3,0
20:34.2,1023,5025,440,292,1.51,204,0,41,23.3,0
17:08.2,1070,5060,219,440,0.5,290,0,53,23.3,0
39:21.2,1065,5088,358,158,2.27,122,0,12,23.3,0
52:31.2,1096,5046,188,322,0.58,261,1,47,23.3,0
12:03.2,1053,5049,360,60,6,31,1,37,23.3,0
07:11.2,1092,5070,0,123,0,192,0,13,23.3,0
32:23.2,1012,5008,449,483,0.93,115,0,42,23.3,0
01:19.2,1063,5096,387,99,3.91,190,1,91,23.3,1
46:13.2,1040,5024,100,162,0.62,2,1,58,23.3,0
27:26.2,1019,5007,494,15,32.93,159,1,30,23.3,0
58:16.2,1011,5060,328,575,0.57,230,0,24,23.3,0
35:51.2,1022,5096,287,164,1.75,194,0,95,23.3,0
21:22.2,1054,5047,78,28,2.79,130,1,67,23.3,1
24:53.2,1098,5018,207,356,0.58,141,0,53,23.3,0
22:35.2,1025,5043,93,131,0.71,41,0,49,23.3,0
01:18.2,1018,5099,196,312,0.63,218,1,10,23.3,0
19:09.2,1089,5063,226,339,0.67,22,1,74,23.3,0
35:52.2,1088,5033,44,491,0.09,275,1,82,23.3,0
31:32.2,1085,5002,423,278,1.52,157,0,24,23.3,0
04:37.2,1028,5003,259,335,0.77,127,1,29,23.3,0
18:40.2,1016,5021,487,272,1.79,258,1,63,23.3,0
38:26.2,1062,5012,316,410,0.77,27,0,53,23.3,0
54:11.2,1051,5035,130,361,0.36,88,1,47,23.3,0
41:31.2,1015,5009,278,559,0.5,239,0,82,23.3,0
54:17.2,1088,5085,290,267,1.09,102,1,31,23.3,0
51:06.2,1044,5076,244,138,1.77,174,1,79,23.3,1
51:23.2,1015,5085,460,510,0.9,209,0,90,23.3,0
45:02.2,1039,5050,39,354,0.11,162,1,63,23.3,0
36:32.2,1086,5071,425,221,1.92,19,0,79,23.3,0
12:18.2,1064,5042,160,313,0.51,58,1,90,23.3,1
01:39.2,1044,5024,367,593,0.62,290,1,60,23.3,0
23:34.2,1031,5070,281,375,0.75,172,1,89,23.3,0
26:29.2,1016,5088,142,469,0.3,239,0,42,23.3,1
34:02.2,1015,5002,43,422,0.1,52,0,41,23.3,0
37:22.2,1024,5069,366,103,3.55,87,0,48,23.3,0
33:23.2,1086,5084,472,43,10.98,171,1,22,23.3,0
43:57.2,1019,5033,334,376,0.89,202,0,52,23.3,0
37:22.2,1030,5086,92,487,0.19,274,0,29,23.3,0
23:20.2,1087,5058,267,570,0.47,292,0,51,23.3,0
29:40.2,1052,5019,12,493,0.02,132,1,57,23.3,0
34:58.2,1095,5092,210,365,0.58,123,0,15,23.3,0
20:47.2,1062,5063,431,101,4.27,205,0,94,23.3,0
14:11.2,1048,5052,230,488,0.47,174,0,55,23.3,1
17:01.2,1073,5089,328,189,1.74,297,0,98,23.3,0
26:06.2,1048,5028,330,113,2.92,104,0,50,23.3,0
35:35.2,1036,5082,340,318,1.07,297,0,83,23.3,0
36:54.2,1054,5078,105,573,0.18,89,0,23,23.3,0
26:19.2,1079,5032,372,461,0.81,275,0,83,23.3,0
47:31.2,1071,5070,478,77,6.21,103,1,75,23.3,0
55:09.2,1088,5001,431,464,0.93,143,0,79,23.3,0
25:11.2,1018,5046,419,109,3.84,124,0,98,23.3,0
36:55.2,1002,5048,228,339,0.67,200,0,74,23.3,0
34:27.2,1088,5019,441,179,2.46,54,1,82,23.3,0
00:57.2,1004,5049,343,147,2.33,153,0,11,23.3,0
13:59.2,1080,5064,486,575,0.85,131,0,65,23.3,0
10:23.2,1044,5083,101,527,0.19,227,0,85,23.3,0
09:07.2,1096,5015,346,488,0.71,249,1,22,23.3,1
22:59.2,1021,5085,243,273,0.89,86,0,48,23.3,0
51:35.2,1005,5047,253,341,0.74,149,1,80,23.3,0
32:52.2,1076,5092,189,359,0.53,37,1,26,23.3,1
32:55.2,1099,5071,255,155,1.65,209,0,82,23.3,0
19:41.2,1085,5044,452,376,1.2,9,0,87,23.3,0
07:14.2,1008,5027,30,306,0.1,102,0,34,23.3,0
22:16.2,1008,5048,95,14,6.79,222,0,65,23.3,0
19:24.2,1001,5003,42,117,0.36,15,1,17,23.3,0
28:00.2,1007,5014,292,88,3.32,226,1,48,23.3,0
59:00.2,1034,5003,3,521,0.01,76,1,33,23.3,0
38:06.2,1064,5066,432,363,1.19,231,1,17,23.3,0
33:02.2,1069,5005,24,221,0.11,282,0,53,23.3,0
01:38.2,1039,5038,47,343,0.14,38,0,25,23.3,0
03:32.2,1009,5039,82,54,1.52,196,0,34,23.3,0
19:18.2,1027,5075,296,458,0.65,217,1,77,23.3,1
55:27.2,1018,5014,431,520,0.83,242,1,59,23.3,0
00:20.2,1053,5008,6,22,0.27,191,1,65,23.3,0
07:43.2,1035,5047,97,74,1.31,135,0,77,23.3,0
17:02.2,1071,5081,61,278,0.22,47,0,45,23.3,0
42:51.2,1000,5022,172,432,0.4,142,0,25,23.3,0
04:59.2,1041,5004,173,472,0.37,156,1,55,23.3,0
06:47.2,1055,5087,62,287,0.22,244,0,52,23.3,0
48:09.2,1068,5067,470,450,1.04,260,1,33,23.3,0
58:58.2,1062,5064,419,140,2.99,171,1,84,23.3,0
03:27.2,1036,5076,212,347,0.61,246,0,84,23.3,0
48:19.2,1070,5069,328,34,9.65,35,1,48,23.3,0
01:50.2,1004,5095,25,571,0.04,232,0,51,23.3,0
43:23.2,1008,5011,294,253,1.16,149,1,43,23.3,0
48:40.2,1051,5049,237,176,1.35,32,1,76,23.3,0
41:53.2,1012,5072,38,135,0.28,15,1,54,23.3,0
43:13.2,1057,5069,473,402,1.18,45,1,42,23.3,0
39:14.2,1012,5081,218,137,1.59,164,1,74,23.3,1
01:28.2,1055,5090,489,366,1.34,99,1,34,23.3,0
45:23.2,1090,5093,467,374,1.25,79,1,15,23.3,0
05:09.2,1086,5086,383,82,4.67,190,0,80,23.3,0
17:26.2,1044,5015,49,271,0.18,178,0,28,23.3,0
06:52.2,1033,5034,329,305,1.08,216,1,11,23.3,1
19:25.2,1073,5074,167,298,0.56,61,0,33,23.3,0
13:58.2,1052,5043,452,45,10.04,78,0,41,23.3,0
16:25.2,1035,5001,310,80,3.88,108,0,47,23.3,0
42:29.2,1070,5097,467,104,4.49,24,1,67,23.3,0
46:10.2,1084,5073,90,260,0.35,227,1,71,23.3,0
18:44.2,1027,5014,43,293,0.15,155,0,57,23.3,0
43:19.2,1044,5076,306,437,0.7,273,1,79,23.3,0
30:31.2,1054,5069,479,47,10.19,167,1,83,23.3,0
51:29.2,1092,5080,41,336,0.12,44,0,11,23.3,0
36:14.2,1020,5094,119,163,0.73,201,1,15,23.3,1
30:46.2,1022,5004,277,13,21.31,52,0,37,23.3,0
55:20.2,1088,5064,339,504,0.67,161,1,40,23.3,0
08:00.2,1091,5085,68,541,0.13,34,0,97,23.3,0
49:25.2,1099,5003,226,15,15.07,100,1,99,23.3,0
58:35.2,1052,5043,50,17,2.94,68,1,51,23.3,0
46:37.2,1061,5031,463,223,2.08,48,1,78,23.3,0
42:41.2,1033,5011,193,503,0.38,167,0,42,23.3,0
40:05.2,1056,5072,198,253,0.78,110,1,29,23.3,0
35:43.2,1090,5062,421,179,2.35,276,0,16,23.3,1
34:02.2,1056,5001,420,596,0.7,23,0,48,23.3,0
50:50.2,1086,5071,85,327,0.26,135,0,24,23.3,0
09:48.2,1043,5029,227,406,0.56,97,1,70,23.3,0
57:33.2,1045,5021,202,157,1.29,76,1,88,23.3,0
14:07.2,1059,5053,496,501,0.99,188,1,45,23.3,0
50:45.2,1075,5030,359,167,2.15,199,0,78,23.3,0
16:58.2,1006,5085,449,141,3.18,223,0,53,23.3,0
21:24.2,1057,5020,369,412,0.9,166,1,88,23.3,0
49:02.2,1066,5087,70,400,0.18,285,0,82,23.3,0
12:48.2,1070,5073,54,571,0.09,26,1,52,23.3,1
43:23.2,1018,5088,134,432,0.31,287,0,55,23.3,0
38:46.2,1040,5072,344,508,0.68,242,0,31,23.3,0
18:04.2,1057,5088,189,357,0.53,155,0,96,23.3,0
58:03.2,1067,5010,204,598,0.34,44,0,59,23.3,0
38:40.2,1086,5051,70,565,0.12,52,1,49,23.3,0
13:57.2,1011,5077,406,372,1.09,216,0,66,23.3,0
59:50.2,1095,5060,217,139,1.56,229,1,32,23.3,0
18:01.2,1077,5006,191,448,0.43,231,1,66,23.3,1
47:08.2,1017,5003,418,436,0.96,238,0,76,23.3,0
22:37.2,1091,5003,283,212,1.33,240,1,37,23.3,0
58:47.2,1094,5086,329,269,1.22,181,1,68,23.3,0
57:53.2,1096,5055,67,553,0.12,108,1,85,23.3,0
37:42.2,1026,5081,418,129,3.24,176,1,69,23.3,0
31:12.2,1062,5024,212,200,1.06,288,0,10,23.3,0
47:53.2,1048,5060,464,175,2.65,56,0,37,23.3,0
02:26.2,1036,5023,389,322,1.21,62,0,39,23.3,0
33:59.2,1011,5098,291,320,0.91,199,1,42,23.3,0
57:19.2,1009,5034,499,415,1.2,9,0,37,23.3,0
53:37.2,1032,5084,102,105,0.97,149,1,50,23.3,0
19:12.2,1062,5009,151,123,1.23,107,0,68,23.3,0
16:44.2,1053,5016,348,300,1.16,206,1,54,23.3,0
50:15.2,1096,5099,298,120,2.48,136,0,68,23.3,0
38:17.2,1070,5048,301,159,1.89,136,0,94,23.3,0
30:42.2,1014,5078,83,348,0.24,242,1,20,23.3,0
33:05.2,1072,5015,358,308,1.16,14,0,66,23.3,0
55:02.2,1011,5048,182,82,2.22,236,0,74,23.3,0
22:15.2,1078,5088,208,247,0.84,226,0,12,23.3,0
13:20.2,1008,5039,49,25,1.96,38,0,34,23.3,0
07:13.2,1095,5052,447,576,0.78,239,1,93,23.3,0
01:59.2,1003,5035,434,199,2.18,138,0,62,23.3,0
21:55.2,1026,5077,5,293,0.02,51,0,35,23.3,0
47:13.2,1002,5017,2,170,0.01,92,1,80,23.3,0
37:48.2,1037,5013,16,180,0.09,252,0,24,23.3,0
50:20.2,1058,5062,221,168,1.32,198,1,58,23.3,0
03:27.2,1013,5096,124,278,0.45,277,1,52,23.3,0
30:34.2,1035,5009,252,584,0.43,120,1,36,23.3,0
16:04.2,1092,5083,293,570,0.51,111,1,23,23.3,0
37:32.2,1053,5031,3,297,0.01,65,0,38,23.3,0
28:54.2,1052,5027,94,259,0.36,175,1,94,23.3,0
21:31.2,1068,5038,284,473,0.6,144,1,77,23.3,0
37:16.2,1022,5021,151,464,0.33,74,0,89,23.3,0
32:44.2,1028,5062,31,350,0.09,289,0,33,23.3,0
10:10.2,1072,5070,156,292,0.53,153,0,35,23.3,0
13:55.2,1047,5028,65,344,0.19,104,1,53,23.3,0
07:55.2,1004,5091,426,76,5.61,241,1,62,23.3,0
28:06.2,1045,5069,198,258,0.77,276,0,60,23.3,0
15:34.2,1038,5080,267,364,0.73,28,0,32,23.3,0
13:37.2,1065,5049,448,239,1.87,230,1,34,23.3,0
35:02.2,1047,5041,202,433,0.47,285,0,25,23.3,0
33:59.2,1065,5028,44,27,1.63,141,0,62,23.3,0
29:05.2,1066,5020,191,421,0.45,203,1,59,23.3,0
29:30.2,1037,5012,60,174,0.34,9,1,85,23.3,0
55:16.2,1026,5044,418,188,2.22,26,0,97,23.3,1
13:06.2,1089,5011,434,182,2.38,247,0,59,23.3,0
27:07.2,1037,5045,287,15,19.13,97,0,95,23.3,0
14:45.2,1001,5065,43,24,1.79,144,1,47,23.3,0
58:17.2,1000,5095,244,60,4.07,153,1,29,23.3,0
48:55.2,1099,5032,394,551,0.72,155,0,81,23.3,0
05:39.2,1089,5005,341,417,0.82,19,1,62,23.3,0
56:50.2,1092,5063,154,141,1.09,36,0,30,23.3,0
58:41.2,1063,5091,413,497,0.83,122,0,61,23.3,0
47:37.2,1042,5017,329,111,2.96,244,0,28,23.3,0
19:48.2,1063,5069,389,280,1.39,194,1,93,23.3,0
19:55.2,1099,5043,85,155,0.55,225,0,17,23.3,0
45:45.2,1038,5021,485,454,1.07,268,1,20,23.3,0
19:08.2,1006,5046,106,373,0.28,225,1,88,23.3,0
23:14.2,1074,5043,390,485,0.8,299,1,91,23.3,0
39:04.2,1027,5038,320,68,4.71,145,0,87,23.3,0
35:10.2,1051,5062,380,382,0.99,52,1,30,23.3,0
27:42.2,1014,5012,70,42,1.67,84,0,52,23.3,0
14:08.2,1057,5050,221,277,0.8,27,0,53,23.3,0
26:01.2,1064,5045,366,153,2.39,272,0,84,23.3,0
57:48.2,1065,5035,108,31,3.48,142,1,66,23.3,0
43:57.2,1034,5078,27,419,0.06,103,0,90,23.3,0
02:07.2,1080,5074,176,462,0.38,63,0,60,23.3,0
50:38.2,1041,5052,219,529,0.41,98,0,78,23.3,0
43:58.2,1028,5023,470,289,1.63,8,0,53,23.3,1
49:09.2,1008,5049,371,443,0.84,189,0,96,23.3,0
14:32.2,1050,5043,321,378,0.85,59,1,50,23.3,0
22:59.2,1014,5072,280,192,1.46,155,1,84,23.3,0
29:40.2,1069,5007,467,33,14.15,178,0,71,23.3,0
10:44.2,1091,5042,38,394,0.1,232,0,93,23.3,0
40:51.2,1073,5028,419,287,1.46,217,0,33,23.3,0
43:56.2,1057,5073,234,582,0.4,178,0,76,23.3,1
43:55.2,1023,5016,132,493,0.27,106,0,97,23.3,0
11:01.2,1033,5079,104,227,0.46,0,0,76,23.3,0
19:10.2,1035,5061,218,146,1.49,265,1,67,23.3,0
45:37.2,1061,5070,351,434,0.81,11,1,14,23.3,0
39:59.2,1012,5042,91,119,0.76,208,1,94,23.3,0
49:16.2,1018,5050,311,16,19.44,70,1,77,23.3,1
42:28.2,1019,5039,245,308,0.8,49,1,67,23.3,0
13:25.2,1049,5052,383,370,1.04,142,0,56,23.3,0
58:40.2,1067,5048,255,587,0.43,232,1,60,23.3,0
47:40.2,1093,5043,313,330,0.95,278,0,88,23.3,0
14:14.2,1016,5098,178,80,2.22,175,0,33,23.3,0
00:17.2,1033,5029,453,316,1.43,11,1,99,23.3,0
19:50.2,1055,5036,377,66,5.71,155,0,42,23.3,0
56:00.2,1044,5097,104,77,1.35,151,0,88,23.3,0
07:05.2,1037,5095,279,97,2.88,139,0,36,23.3,0
39:33.2,1069,5040,388,471,0.82,169,0,62,23.3,0
01:45.2,1028,5065,446,49,9.1,211,0,72,23.3,0
14:40.2,1028,5077,480,243,1.98,9,1,30,23.3,1
02:58.2,1061,5025,399,360,1.11,269,1,22,23.3,1
14:04.2,1006,5081,471,216,2.18,153,0,91,23.3,0
23:46.2,1080,5090,207,151,1.37,187,1,44,23.3,0
30:05.2,1041,5066,438,143,3.06,190,1,61,23.3,0
28:39.2,1007,5038,194,178,1.09,31,0,19,23.3,0
23:22.2,1089,5012,258,401,0.64,23,0,77,23.3,0
50:23.2,1072,5068,408,231,1.77,183,1,30,23.3,0
47:01.2,1081,5067,491,463,1.06,93,1,29,23.3,0
45:06.2,1084,5082,48,251,0.19,27,1,24,23.3,0
49:22.2,1044,5014,454,85,5.34,40,1,97,23.3,0
04:38.2,1060,5025,423,424,1,56,0,62,23.3,0
24:50.2,1099,5041,136,329,0.41,2,0,39,23.3,0
48:51.2,1050,5011,263,525,0.5,46,1,54,23.3,0
58:36.2,1014,5088,274,493,0.56,98,1,79,23.3,1
51:23.2,1099,5007,36,289,0.12,188,1,14,23.3,0
27:40.2,1030,5033,327,480,0.68,238,1,27,23.3,0
32:18.2,1044,5061,32,141,0.23,221,0,54,23.3,0
45:34.2,1020,5092,58,193,0.3,41,1,86,23.3,0
54:43.2,1053,5087,491,129,3.81,112,1,17,23.3,0
15:30.2,1068,5045,381,596,0.64,239,0,21,23.3,0
46:20.2,1022,5023,109,188,0.58,110,1,35,23.3,0
57:44.2,1025,5027,100,475,0.21,210,0,14,23.3,0
19:15.2,1069,5028,481,492,0.98,26,1,58,23.3,0
56:48.2,1038,5003,359,217,1.65,193,0,29,23.3,0
50:44.2,1050,5095,490,73,6.71,273,0,64,23.3,0
08:00.2,1018,5072,242,173,1.4,21,0,79,23.3,0
14:40.2,1019,5053,354,458,0.77,63,0,79,23.3,0
44:52.2,1089,5037,312,360,0.87,13,1,93,23.3,0
12:18.2,1096,5001,481,354,1.36,19,1,49,23.3,0
05:43.2,1058,5079,372,13,28.62,110,1,55,23.3,0
47:56.2,1021,5055,382,165,2.32,6,0,64,23.3,0
12:25.2,1008,5041,237,46,5.15,67,1,96,23.3,0
22:37.2,1046,5041,309,596,0.52,10,0,61,23.3,0
03:17.2,1042,5018,186,181,1.03,257,0,71,23.3,0
48:46.2,1027,5059,397,259,1.53,92,1,83,23.3,0
18:34.2,1035,5067,388,355,1.09,129,0,93,23.3,0
13:05.2,1025,5098,115,336,0.34,116,0,94,23.3,0
41:51.2,1049,5032,495,458,1.08,30,0,58,23.3,0
41:42.2,1058,5013,92,234,0.39,63,0,36,23.3,0
13:35.2,1068,5087,197,145,1.36,196,0,14,23.3,0
41:33.2,1025,5071,225,580,0.39,178,0,39,23.3,0
24:52.2,1052,5002,426,168,2.54,199,1,97,23.3,0
36:51.2,1080,5085,134,182,0.74,234,0,80,23.3,0
23:40.2,1013,5004,466,228,2.04,250,0,48,23.3,1
49:10.2,1091,5021,314,125,2.51,99,1,27,23.3,0
50:12.2,1064,5055,193,379,0.51,58,0,13,23.3,0
39:40.2,1076,5010,309,415,0.74,244,0,14,23.3,1
00:41.2,1001,5051,332,115,2.89,60,1,69,23.3,0
02:03.2,1024,5068,492,562,0.88,282,0,97,23.3,0
35:54.2,1077,5059,145,25,5.8,208,0,55,23.3,0
50:03.2,1044,5088,473,550,0.86,147,1,17,23.3,0
07:45.2,1069,5078,52,513,0.1,170,0,38,23.3,0
59:42.2,1058,5004,88,556,0.16,216,1,86,23.3,1
41:49.2,1031,5064,181,538,0.34,105,1,94,23.3,0
08:58.2,1087,5025,430,299,1.44,119,1,60,23.3,0
52:38.2,1016,5039,491,216,2.27,39,1,97,23.3,0
06:53.2,1092,5022,67,310,0.22,178,0,23,23.3,1
41:20.2,1008,5077,457,19,24.05,32,1,39,23.3,0
18:43.2,1096,5010,257,147,1.75,142,1,82,23.3,0
56:40.2,1095,5080,248,444,0.56,212,0,22,23.3,0
56:34.2,1033,5057,421,73,5.77,32,1,76,23.3,0
32:56.2,1051,5065,403,30,13.43,50,0,59,23.3,0
13:20.2,1013,5076,67,105,0.64,131,0,72,23.3,0
17:46.2,1088,5071,154,321,0.48,201,0,60,23.3,0
18:43.2,1071,5015,218,125,1.74,153,0,83,23.3,0
16:02.2,1050,5031,229,499,0.46,115,1,60,23.3,0
17:54.2,1096,5085,116,580,0.2,43,0,58,23.3,1
02:04.2,1054,5021,17,207,0.08,165,1,44,23.3,0
53:11.2,1085,5086,170,87,1.95,104,0,19,23.3,0
18:51.2,1054,5074,418,420,1,282,1,85,23.3,0
18:00.2,1036,5072,82,74,1.11,94,1,65,23.3,0
49:24.2,1025,5047,429,327,1.31,289,0,37,23.3,0
01:19.2,1084,5081,494,33,14.97,215,1,47,23.3,0
41:23.2,1015,5007,235,257,0.91,129,1,70,23.3,0
15:08.2,1077,5043,465,306,1.52,16,1,26,23.3,0
34:11.2,1033,5025,219,405,0.54,199,1,63,23.3,0
42:18.2,1030,5070,370,276,1.34,235,0,87,23.3,0
49:46.2,1057,5031,36,157,0.23,130,1,27,23.3,0
01:29.2,1029,5059,132,164,0.8,49,0,79,23.3,0
37:31.2,1090,5042,353,144,2.45,130,1,51,23.3,0
51:05.2,1035,5057,465,473,0.98,214,0,70,23.3,0
56:57.2,1060,5046,231,534,0.43,161,1,46,23.3,0
44:55.2,1048,5075,145,589,0.25,149,0,25,23.3,0
17:30.2,1047,5046,152,139,1.09,161,0,85,23.3,0
15:33.2,1098,5010,367,130,2.82,227,0,20,23.3,0
12:15.2,1084,5012,339,134,2.53,138,1,86,23.3,0
07:48.2,1089,5086,90,180,0.5,52,1,74,23.3,1
27:14.2,1067,5033,171,116,1.47,34,1,59,23.3,0
58:46.2,1054,5071,318,161,1.98,276,1,16,23.3,0
22:52.2,1017,5055,60,95,0.63,203,1,52,23.3,0
04:27.2,1084,5081,229,420,0.55,118,0,93,23.3,0
13:59.2,1068,5070,428,79,5.42,139,1,74,23.3,0
12:32.2,1082,5027,218,392,0.56,51,1,97,23.3,0
08:01.2,1071,5049,19,322,0.06,204,1,89,23.3,0
08:13.2,1006,5071,348,515,0.68,155,0,62,23.3,0
10:19.2,1019,5070,235,352,0.67,237,0,85,23.3,0
07:22.2,1067,5071,253,567,0.45,272,1,72,23.3,1
34:38.2,1012,5009,80,578,0.14,113,1,44,23.3,1
28:19.2,1051,5014,373,76,4.91,288,0,71,23.3,0
28:56.2,1050,5005,432,298,1.45,250,0,49,23.3,0
55:28.2,1006,5054,357,268,1.33,27,0,73,23.3,0
15:25.2,1023,5039,451,203,2.22,266,0,91,23.3,0
02:45.2,1085,5083,266,291,0.91,95,0,11,23.3,0
53:06.2,1090,5055,131,198,0.66,75,1,95,23.3,0
01:21.2,1002,5088,204,504,0.4,195,1,38,23.3,1
17:26.2,1089,5081,33,488,0.07,160,0,49,23.3,0
34:17.2,1068,5097,345,411,0.84,28,1,19,23.3,0
48:00.2,1008,5072,310,356,0.87,169,1,30,23.3,0
24:31.2,1095,5059,344,120,2.87,250,1,45,23.3,0
32:05.2,1070,5079,413,432,0.96,101,1,32,23.3,0
03:35.2,1083,5019,158,534,0.3,195,0,93,23.3,0
48:16.2,1053,5056,68,488,0.14,214,1,82,23.3,0
12:18.2,1021,5027,476,303,1.57,224,0,22,23.3,0
58:03.2,1032,5034,291,393,0.74,53,1,61,23.3,0
26:45.2,1031,5028,443,460,0.96,36,0,79,23.3,0
08:28.2,1037,5022,115,476,0.24,296,1,70,23.3,0
14:52.2,1006,5011,240,328,0.73,292,1,80,23.3,0
58:07.2,1042,5024,395,108,3.66,47,0,66,23.3,0
12:24.2,1078,5095,59,20,2.95,122,0,54,23.3,0
43:45.2,1039,5006,148,588,0.25,222,0,66,23.3,0
03:13.2,1059,5016,385,297,1.3,157,1,34,23.3,0
35:11.2,1046,5096,16,367,0.04,284,1,51,23.3,1
32:14.2,1091,5014,31,405,0.08,291,1,54,23.3,0
28:47.2,1041,5068,264,547,0.48,66,1,33,23.3,0
51:54.2,1073,5084,385,163,2.36,119,0,67,23.3,0
36:37.2,1099,5089,19,215,0.09,223,0,71,23.3,0
46:45.2,1045,5062,223,379,0.59,296,1,65,23.3,0
35:26.2,1046,5069,182,137,1.33,147,1,37,23.3,0
34:18.2,1079,5088,459,299,1.54,269,1,45,23.3,1
10:10.2,1011,5067,126,488,0.26,131,1,33,23.3,0
27:13.2,1078,5093,302,75,4.03,160,0,84,23.3,0
54:41.2,1098,5077,18,383,0.05,252,0,32,23.3,0
46:40.2,1098,5019,150,422,0.36,274,0,61,23.3,1
39:07.2,1048,5051,422,163,2.59,5,1,56,23.3,0
58:35.2,1043,5079,254,113,2.25,241,1,43,23.3,1
53:58.2,1082,5029,206,246,0.84,144,1,87,23.3,0
59:29.2,1003,5031,253,154,1.64,105,0,24,23.3,0
43:42.2,1071,5053,114,23,4.96,136,1,72,23.3,0
44:59.2,1090,5014,48,383,0.13,129,0,96,23.3,0
03:17.2,1066,5073,378,75,5.04,101,0,85,23.3,1
31:58.2,1085,5025,482,405,1.19,96,1,75,23.3,0
42:22.2,1088,5062,268,299,0.9,97,1,76,23.3,0
30:00.2,1027,5072,150,111,1.35,100,1,89,23.3,0
13:09.2,1079,5010,478,389,1.23,33,0,86,23.3,0
48:00.2,1063,5064,457,29,15.76,263,0,79,23.3,0
48:47.2,1073,5056,15,211,0.07,278,0,77,23.3,0
37:28.2,1047,5014,60,26,2.31,284,0,36,23.3,1
10:30.2,1042,5054,443,583,0.76,62,0,38,23.3,0
42:19.2,1013,5071,434,95,4.57,282,0,33,23.3,0
28:48.2,1090,5098,295,407,0.72,96,1,26,23.3,0
29:02.2,1008,5049,219,112,1.96,131,1,21,23.3,0
13:29.2,1061,5043,454,185,2.45,31,0,23,23.3,0
16:18.2,1032,5015,43,453,0.09,68,0,22,23.3,1
51:02.2,1020,5049,244,22,11.09,260,0,61,23.3,0
21:52.2,1001,5046,267,205,1.3,265,0,46,23.3,0
33:28.2,1091,5075,189,468,0.4,187,1,56,23.3,0
13:06.2,1082,5077,6,251,0.02,291,1,79,23.3,0
29:58.2,1070,5004,42,156,0.27,253,1,68,23.3,0
36:07.2,1050,5056,20,420,0.05,136,0,99,23.3,1
34:42.2,1031,5045,351,148,2.37,39,1,52,23.3,0
49:30.2,1071,5017,217,24,9.04,20,0,47,23.3,0
11:29.2,1000,5025,99,278,0.36,81,0,22,23.3,0
14:37.2,1027,5077,173,172,1.01,86,1,22,23.3,0
27:50.2,1061,5060,148,385,0.38,219,1,45,23.3,0
49:58.2,1028,5010,128,521,0.25,57,0,38,23.3,0
31:26.2,1099,5064,93,160,0.58,277,1,39,23.3,0
31:13.2,1066,5037,441,245,1.8,63,0,47,23.3,0
07:20.2,1076,5098,402,220,1.83,100,0,84,23.3,0
35:37.2,1038,5053,194,574,0.34,189,0,12,23.3,0
57:08.2,1049,5036,381,318,1.2,82,0,83,23.3,0
35:24.2,1074,5024,72,305,0.24,107,1,61,23.3,0
42:47.2,1097,5056,325,337,0.96,130,0,19,23.3,0
26:01.2,1067,5068,214,390,0.55,255,1,95,23.3,1
09:13.2,1065,5019,74,128,0.58,118,0,57,23.3,0
33:02.2,1031,5038,222,191,1.16,64,1,10,23.3,0
17:53.2,1096,5021,60,585,0.1,187,0,42,23.3,0
54:21.2,1089,5049,276,264,1.05,137,1,17,23.3,1
20:14.2,1072,5066,487,109,4.47,5,1,48,23.3,1
51:27.2,1088,5045,191,335,0.57,207,0,76,23.3,0
37:53.2,1081,5054,100,34,2.94,185,1,70,23.3,0
32:39.2,1002,5057,66,374,0.18,5,0,14,23.3,0
54:33.2,1018,5041,102,250,0.41,211,0,82,23.3,0
20:02.2,1052,5022,199,34,5.85,123,1,65,23.3,0
19:59.2,1004,5065,224,422,0.53,147,1,34,23.3,0
19:37.2,1098,5028,257,234,1.1,83,1,94,23.3,0
44:56.2,1007,5067,304,547,0.56,21,1,35,23.3,0
56:21.2,1091,5059,9,269,0.03,168,0,50,23.3,0
33:47.2,1016,5021,100,77,1.3,89,0,70,23.3,0
39:43.2,1017,5050,251,599,0.42,142,0,14,23.3,0
56:57.2,1099,5053,217,323,0.67,125,0,43,23.3,0
07:56.2,1024,5036,454,39,11.64,23,0,88,23.3,0
59:18.2,1093,5097,308,136,2.26,138,0,38,23.3,0
09:31.2,1001,5019,111,415,0.27,210,1,99,23.3,0
51:32.2,1097,5093,349,480,0.73,292,0,39,23.3,0
52:57.2,1053,5093,247,129,1.91,145,0,65,23.3,0
27:41.2,1045,5000,487,67,7.27,195,1,49,23.3,0
11:01.2,1093,5034,138,200,0.69,235,0,55,23.3,0
22:00.2,1073,5070,64,382,0.17,260,1,76,23.3,0
40:03.2,1071,5008,339,302,1.12,247,0,10,23.3,0
46:48.2,1048,5015,82,69,1.19,283,0,67,23.3,0
56:00.2,1033,5068,426,181,2.35,264,1,72,23.3,0
02:20.2,1017,5071,464,120,3.87,51,0,58,23.3,0
07:16.2,1007,5018,98,360,0.27,103,0,67,23.3,0
05:24.2,1039,5088,207,16,12.94,189,1,78,23.3,0
17:10.2,1071,5090,390,174,2.24,66,0,92,23.3,0
43:10.2,1076,5082,94,346,0.27,165,1,45,23.3,0
26:57.2,1027,5052,207,518,0.4,198,0,78,23.3,0
22:38.2,1070,5084,326,310,1.05,233,0,51,23.3,0
34:33.2,1057,5019,437,446,0.98,169,0,83,23.3,0
53:54.2,1036,5061,136,488,0.28,277,1,87,23.3,0
25:29.2,1018,5016,449,240,1.87,233,0,12,23.3,0
41:41.2,1002,5003,3,500,0.01,22,0,76,23.3,0
12:44.2,1034,5096,203,60,3.38,3,1,53,23.3,0
58:31.2,1062,5018,185,241,0.77,114,0,29,23.3,1
58:15.2,1014,5006,497,366,1.36,172,0,80,23.3,0
28:41.2,1043,5098,469,222,2.11,3,0,72,23.3,0
09:07.2,1063,5022,1,92,0.01,168,0,40,23.3,0
43:48.2,1069,5058,240,98,2.45,291,0,18,23.3,0
00:56.2,1045,5093,18,360,0.05,193,1,37,23.3,0
12:26.2,1025,5088,95,492,0.19,95,0,16,23.3,0
48:02.2,1088,5015,153,124,1.23,47,0,10,23.3,1
36:20.2,1016,5086,394,592,0.67,117,0,52,23.3,0
51:03.2,1097,5077,224,373,0.6,257,1,95,23.3,0
13:52.2,1099,5020,251,424,0.59,247,0,90,23.3,0
28:32.2,1018,5014,445,255,1.75,104,0,40,23.3,0
11:28.2,1012,5003,18,128,0.14,43,1,11,23.3,0
00:12.2,1027,5094,202,199,1.02,38,1,17,23.3,0
14:49.2,1091,5037,63,115,0.55,227,0,55,23.3,0
22:35.2,1023,5023,174,106,1.64,49,1,85,23.3,0
43:19.2,1089,5007,480,487,0.99,288,1,72,23.3,0
23:26.2,1003,5015,372,51,7.29,242,1,62,23.3,0
04:16.2,1097,5063,10,393,0.03,11,1,77,23.3,0
52:14.2,1058,5046,436,337,1.29,282,1,62,23.3,1
50:57.2,1025,5038,115,501,0.23,7,1,82,23.3,0
49:05.2,1084,5032,282,220,1.28,169,1,66,23.3,0
27:37.2,1009,5000,136,393,0.35,227,1,14,23.3,0
20:29.2,1070,5012,290,462,0.63,38,1,52,23.3,0
12:11.2,1072,5085,414,99,4.18,289,0,19,23.3,0
08:13.2,1042,5091,461,518,0.89,244,0,37,23.3,0
22:42.2,1001,5034,192,308,0.62,130,0,97,23.3,0
39:42.2,1063,5022,292,243,1.2,6,1,84,23.3,0
09:04.2,1001,5087,86,561,0.15,8,1,13,23.3,1
50:52.2,1070,5090,336,478,0.7,218,1,68,23.3,0
04:58.2,1090,5084,216,54,4,249,0,98,23.3,0
08:40.2,1001,5005,470,445,1.06,46,1,14,23.3,0
51:08.2,1082,5002,35,65,0.54,240,1,60,23.3,0
41:21.2,1063,5008,128,138,0.93,134,0,57,23.3,0
56:13.2,1070,5060,230,210,1.1,53,0,72,23.3,0
18:54.2,1069,5003,389,10,38.9,9,1,34,23.3,0
24:47.2,1037,5036,170,232,0.73,19,1,93,23.3,0
29:54.2,1078,5016,38,363,0.1,118,1,78,23.3,0
25:43.2,1060,5073,259,163,1.59,0,0,20,23.3,0
42:39.2,1060,5054,175,415,0.42,252,1,87,23.3,0
11:44.2,1085,5038,369,441,0.84,184,1,96,23.3,0
13:28.2,1073,5069,300,401,0.75,48,0,14,23.3,0
33:32.2,1060,5084,280,114,2.46,24,1,57,23.3,0
50:03.2,1063,5017,417,419,1,246,1,98,23.3,0
55:48.2,1074,5071,273,273,1,208,0,75,23.3,0
31:29.2,1058,5063,220,486,0.45,287,0,20,23.3,0
22:49.2,1059,5072,286,457,0.63,243,0,42,23.3,0
39:10.2,1089,5001,371,476,0.78,166,0,94,23.3,0
09:32.2,1020,5086,169,21,8.05,12,0,79,23.3,0
57:07.2,1059,5061,47,173,0.27,208,1,13,23.3,0
46:22.2,1012,5017,87,453,0.19,185,0,49,23.3,0
54:56.2,1083,5084,104,460,0.23,83,0,57,23.3,1
41:10.2,1001,5000,54,53,1.02,262,0,21,23.3,0
57:14.2,1035,5056,32,304,0.11,65,1,73,23.3,0
55:52.2,1057,5035,276,450,0.61,289,0,94,23.3,0
20:34.2,1063,5083,333,181,1.84,201,1,43,23.3,0
11:33.2,1098,5053,139,314,0.44,54,1,21,23.3,0
03:29.2,1084,5043,438,339,1.29,67,1,44,23.3,0
45:56.2,1055,5006,243,223,1.09,174,0,90,23.3,0
10:01.2,1091,5066,188,189,0.99,205,1,59,23.3,0
48:02.2,1070,5060,353,40,8.82,207,1,37,23.3,0
11:41.2,1098,5007,116,217,0.53,130,1,49,23.3,0
48:32.2,1075,5059,462,298,1.55,134,0,85,23.3,1
24:02.2,1063,5042,196,495,0.4,180,0,15,23.3,0
24:36.2,1075,5033,225,338,0.67,261,1,39,23.3,0
51:35.2,1036,5020,303,13,23.31,232,1,76,23.3,0
24:53.2,1054,5014,490,113,4.34,48,0,24,23.3,0
03:12.2,1011,5096,83,273,0.3,12,1,29,23.3,0
36:36.2,1046,5069,388,247,1.57,243,0,83,23.3,0
17:21.2,1062,5013,101,178,0.57,158,0,31,23.3,0
14:43.2,1056,5075,239,111,2.15,182,0,17,23.3,0
50:52.2,1046,5013,463,417,1.11,92,1,71,23.3,0
34:49.2,1091,5040,385,217,1.77,14,1,56,23.3,0
08:44.2,1011,5082,440,306,1.44,190,0,25,23.3,0
53:26.2,1040,5056,222,93,2.39,59,0,23,23.3,0
49:17.2,1001,5099,130,468,0.28,176,0,98,23.3,0
27:59.2,1097,5035,350,598,0.59,4,0,34,23.3,0
56:51.2,1042,5083,27,222,0.12,106,1,41,23.3,0
16:42.2,1067,5030,201,306,0.66,173,0,10,23.3,1
15:31.2,1036,5090,72,27,2.67,33,0,15,23.3,0
16:02.2,1025,5034,320,544,0.59,132,1,83,23.3,0
23:24.2,1060,5031,322,570,0.56,161,1,90,23.3,0
23:25.2,1026,5090,493,354,1.39,61,1,53,23.3,0
12:17.2,1055,5098,441,421,1.05,163,0,38,23.3,0
53:51.2,1073,5094,272,355,0.77,11,1,97,23.3,0
04:44.2,1088,5029,70,162,0.43,152,1,65,23.3,0
27:58.2,1083,5061,383,512,0.75,60,1,63,23.3,0
56:08.2,1032,5084,234,261,0.9,201,1,53,23.3,0
08:18.2,1022,5026,32,299,0.11,173,1,74,23.3,0
52:47.2,1071,5075,256,92,2.78,225,0,13,23.3,1
23:24.2,1071,5049,104,56,1.86,159,0,17,23.3,0
09:52.2,1099,5079,373,311,1.2,111,0,53,23.3,0
10:12.2,1003,5033,369,484,0.76,269,0,21,23.3,0
03:16.2,1086,5043,51,497,0.1,35,1,28,23.3,0
31:40.2,1085,5058,94,318,0.3,129,0,93,23.3,0
45:48.2,1006,5068,154,318,0.48,155,1,33,23.3,0
42:01.2,1031,5022,340,491,0.69,138,0,83,23.3,0
46:27.2,1087,5017,112,441,0.25,71,1,65,23.3,0
33:58.2,1096,5009,74,412,0.18,1,1,76,23.3,0
25:39.2,1083,5015,165,102,1.62,12,0,99,23.3,0
39:22.2,1083,5033,303,428,0.71,97,0,72,23.3,0
17:45.2,1077,5011,414,472,0.88,113,0,28,23.3,0
24:03.2,1057,5073,314,275,1.14,285,1,81,23.3,0
43:06.2,1066,5064,119,341,0.35,188,1,82,23.3,0
01:57.2,1026,5099,477,67,7.12,216,1,49,23.3,0
52:52.2,1045,5081,210,44,4.77,160,1,85,23.3,1
18:39.2,1087,5041,456,380,1.2,167,0,78,23.3,0
15:35.2,1099,5050,428,163,2.63,101,0,31,23.3,0
06:55.2,1054,5027,480,280,1.71,241,1,77,23.3,0
00:49.2,1019,5015,411,599,0.69,43,0,39,23.3,0
49:14.2,1087,5091,421,260,1.62,249,1,91,23.3,0
12:51.2,1047,5046,39,467,0.08,166,0,61,23.3,0
43:57.2,1009,5066,357,139,2.57,189,0,21,23.3,1
48:26.2,1042,5050,6,359,0.02,51,0,49,23.3,0
23:44.2,1051,5037,123,50,2.46,83,1,70,23.3,0
15:36.2,1090,5080,49,531,0.09,71,1,21,23.3,0
12:14.2,1093,5031,271,112,2.42,136,0,50,23.3,0
34:14.2,1060,5048,443,301,1.47,227,0,65,23.3,0
32:23.2,1026,5084,229,597,0.38,71,1,34,23.3,0
41:19.2,1073,5011,140,466,0.3,206,1,10,23.3,0
21:23.2,1008,5000,433,303,1.43,238,1,43,23.3,0
48:28.2,1055,5074,466,409,1.14,251,0,61,23.3,0
39:23.2,1016,5068,484,576,0.84,21,1,86,23.3,0
25:14.2,1009,5037,401,564,0.71,142,0,76,23.3,0
47:00.2,1018,5023,389,390,1,64,1,20,23.3,0
27:47.2,1059,5045,186,596,0.31,204,0,76,23.3,0
58:42.2,1077,5053,480,59,8.14,243,0,28,23.3,0
42:57.2,1085,5002,465,131,3.55,186,0,64,23.3,0
59:01.2,1012,5050,13,423,0.03,20,0,17,23.3,0
21:49.2,1018,5069,392,82,4.78,51,0,38,23.3,0
33:11.2,1045,5046,262,265,0.99,164,0,49,23.3,1
41:00.2,1045,5052,135,561,0.24,11,1,56,23.3,1
47:44.2,1033,5011,424,172,2.47,182,0,29,23.3,0
43:52.2,1049,5073,345,66,5.23,173,0,67,23.3,0
44:25.2,1041,5016,189,592,0.32,169,0,78,23.3,0
58:40.2,1010,5065,296,348,0.85,105,1,13,23.3,1
30:05.2,1090,5080,237,510,0.46,200,0,39,23.3,1
55:44.2,1080,5022,373,478,0.78,37,1,40,23.3,0
14:13.2,1049,5065,380,488,0.78,70,1,10,23.3,0
09:04.2,1086,5078,110,291,0.38,178,0,72,23.3,0
18:01.2,1089,5021,27,119,0.23,118,1,41,23.3,0
08:33.2,1029,5049,424,534,0.79,243,1,94,23.3,0
19:28.2,1079,5010,215,154,1.4,66,0,94,23.3,0
30:31.2,1053,5006,59,346,0.17,2,1,45,23.3,0
49:22.2,1058,5065,273,181,1.51,145,1,28,23.3,0
01:16.2,1072,5045,430,588,0.73,272,1,14,23.3,1
30:43.2,1060,5031,104,111,0.94,24,1,96,23.3,0
33:34.2,1037,5011,396,296,1.34,77,0,10,23.3,0
25:36.2,1029,5092,77,430,0.18,215,0,22,23.3,1
19:11.2,1030,5005,368,296,1.24,66,0,80,23.3,0
46:35.2,1075,5016,101,591,0.17,295,1,50,23.3,0
00:12.2,1091,5080,44,158,0.28,39,0,88,23.3,0
40:34.2,1024,5028,419,71,5.9,223,1,21,23.3,0
18:13.2,1065,5089,23,238,0.1,282,1,53,23.3,0
57:43.2,1088,5082,17,370,0.05,229,1,22,23.3,0
28:24.2,1079,5046,353,237,1.49,227,1,60,23.3,0
45:24.2,1084,5020,495,129,3.84,12,0,71,23.3,0
51:44.2,1072,5045,10,84,0.12,57,1,29,23.3,0
39:00.2,1073,5023,358,77,4.65,0,0,61,23.3,0
19:10.2,1089,5036,174,379,0.46,59,1,95,23.3,0
45:55.2,1088,5087,354,163,2.17,165,1,72,23.3,0
00:29.2,1061,5029,127,288,0.44,127,1,93,23.3,0
14:32.2,1089,5059,54,449,0.12,33,0,93,23.3,0
58:27.2,1043,5097,183,440,0.42,83,0,83,23.3,1
35:07.2,1098,5038,416,448,0.93,93,1,15,23.3,0
35:54.2,1073,5023,386,399,0.97,260,0,76,23.3,0
29:34.2,1033,5094,394,528,0.75,281,0,78,23.3,0
47:59.2,1099,5021,382,442,0.86,110,0,11,23.3,0
13:45.2,1013,5003,276,88,3.14,149,0,71,23.3,0
09:52.2,1041,5003,78,99,0.79,54,0,30,23.3,0
42:53.2,1070,5067,296,443,0.67,156,0,76,23.3,0
21:28.2,1043,5070,157,153,1.03,196,1,62,23.3,1
18:31.2,1058,5083,302,445,0.68,147,0,81,23.3,0
10:05.2,1022,5017,397,404,0.98,244,1,87,23.3,0
27:39.2,1078,5011,404,102,3.96,173,1,25,23.3,0
05:18.2,1079,5041,256,181,1.41,252,0,22,23.3,0
42:23.2,1049,5025,432,92,4.7,282,0,55,23.3,0
39:41.2,1067,5012,416,197,2.11,218,0,20,23.3,0
24:39.2,1013,5097,111,284,0.39,295,1,14,23.3,0
41:10.2,1058,5090,387,273,1.42,156,0,39,23.3,0
44:30.2,1071,5062,69,84,0.82,176,0,48,23.3,0
27:54.2,1071,5065,262,348,0.75,208,0,14,23.3,0
24:09.2,1005,5045,196,120,1.63,38,0,19,23.3,0
22:55.2,1070,5073,483,465,1.04,222,0,93,23.3,0
11:28.2,1014,5013,329,493,0.67,186,0,41,23.3,0
33:14.2,1088,5016,256,275,0.93,76,0,16,23.3,0
53:15.2,1079,5044,78,547,0.14,173,0,30,23.3,0
17:09.2,1007,5089,147,413,0.36,109,1,95,23.3,0
44:44.2,1017,5073,328,543,0.6,262,0,31,23.3,0
48:48.2,1056,5083,486,48,10.12,34,0,49,23.3,0
21:52.2,1090,5074,480,480,1,240,0,40,23.3,1
46:14.2,1043,5091,489,231,2.12,208,1,71,23.3,1
23:47.2,1054,5071,416,371,1.12,12,0,67,23.3,1
43:56.2,1007,5085,116,446,0.26,241,0,87,23.3,0
08:50.2,1021,5014,32,175,0.18,85,0,12,23.3,0
59:27.2,1076,5049,313,388,0.81,160,1,13,23.3,0
24:12.2,1093,5049,339,166,2.04,63,0,60,23.3,0
12:23.2,1039,5055,297,585,0.51,193,1,25,23.3,0
37:24.2,1073,5002,430,101,4.26,261,1,45,23.3,0
15:51.2,1092,5079,438,15,29.2,28,1,44,23.3,0
04:23.2,1019,5012,412,556,0.74,96,0,77,23.3,0
30:17.2,1003,5069,415,170,2.44,174,0,22,23.3,0
11:15.2,1024,5056,322,583,0.55,120,0,78,23.3,0
07:26.2,1076,5064,64,223,0.29,87,1,44,23.3,0
05:41.2,1080,5032,243,432,0.56,0,0,69,23.3,0
15:36.2,1046,5029,461,35,13.17,179,1,37,23.3,0
49:00.2,1030,5091,308,156,1.97,162,1,58,23.3,0
04:21.2,1037,5012,251,573,0.44,291,0,10,23.3,0
59:19.2,1056,5004,360,536,0.67,78,0,28,23.3,0
59:15.2,1090,5081,140,243,0.58,228,0,80,23.3,0
42:18.2,1079,5018,10,488,0.02,81,0,78,23.3,0
25:30.2,1096,5071,227,81,2.8,10,1,19,23.3,0
48:16.2,1093,5090,260,378,0.69,188,0,18,23.3,0
08:26.2,1044,5075,298,308,0.97,216,0,58,23.3,0
35:44.2,1025,5055,498,76,6.55,78,0,12,23.3,0
11:34.2,1079,5063,424,585,0.72,147,1,70,23.3,1
42:29.2,1023,5017,434,110,3.95,290,0,90,23.3,0
40:24.2,1008,5048,387,302,1.28,120,1,47,23.3,0
28:51.2,1072,5094,345,473,0.73,61,0,36,23.3,0
48:09.2,1060,5045,250,506,0.49,74,1,81,23.3,0
41:11.2,1088,5026,368,583,0.63,100,0,72,23.3,1
20:03.2,1004,5044,130,401,0.32,215,0,15,23.3,0
24:29.2,1025,5068,450,493,0.91,149,0,48,23.3,0
36:24.2,1044,5052,175,321,0.55,183,0,47,23.3,0
08:55.2,1067,5028,32,138,0.23,236,1,42,23.3,0
00:07.2,1058,5022,287,23,12.48,222,0,13,23.3,0
09:34.2,1071,5035,337,316,1.07,209,0,95,23.3,0
33:37.2,1039,5098,38,309,0.12,233,0,83,23.3,0
20:26.2,1070,5075,472,439,1.08,203,1,54,23.3,0
25:55.2,1031,5070,150,266,0.56,241,1,89,23.3,0
44:45.2,1035,5037,112,486,0.23,265,0,54,23.3,0
41:42.2,1070,5068,266,450,0.59,208,0,48,23.3,0
11:53.2,1070,5089,75,422,0.18,73,1,49,23.3,0
44:56.2,1043,5060,206,282,0.73,250,0,15,23.3,0
11:42.2,1065,5049,205,155,1.32,106,1,72,23.3,0
34:37.2,1093,5007,41,527,0.08,115,1,16,23.3,0
23:59.2,1073,5012,20,385,0.05,194,1,49,23.3,0
04:28.2,1088,5021,3,140,0.02,73,1,12,23.3,0
07:58.2,1052,5037,281,291,0.97,299,1,72,23.3,0
34:09.2,1084,5083,308,544,0.57,51,0,10,23.3,0
45:50.2,1010,5089,147,548,0.27,138,0,57,23.3,0
54:43.2,1098,5098,140,383,0.37,34,1,92,23.3,0
57:09.2,1046,5085,107,285,0.38,68,0,80,23.3,0
15:30.2,1060,5029,78,202,0.39,59,1,96,23.3,0
34:29.2,1027,5042,119,107,1.11,288,0,11,23.3,0
40:17.2,1030,5025,344,421,0.82,230,1,55,23.3,0
07:32.2,1005,5086,403,307,1.31,104,1,53,23.3,0
17:02.2,1070,5045,203,421,0.48,213,0,53,23.3,0
23:42.2,1057,5030,56,89,0.63,31,0,53,23.3,0
20:27.2,1007,5070,138,134,1.03,265,1,49,23.3,0
20:21.2,1000,5020,119,210,0.57,186,0,41,23.3,0
04:48.2,1055,5061,136,74,1.84,89,1,71,23.3,0
03:19.2,1094,5045,315,533,0.59,144,0,54,23.3,0
57:49.2,1083,5010,17,383,0.04,128,1,46,23.3,1
53:11.2,1097,5070,50,125,0.4,219,0,54,23.3,0
56:05.2,1022,5012,148,350,0.42,142,1,21,23.3,0
54:01.2,1044,5099,326,175,1.86,223,1,70,23.3,0
49:43.2,1049,5038,384,181,2.12,195,0,60,23.3,0
40:43.2,1022,5066,159,176,0.9,50,0,96,23.3,0
32:17.2,1095,5045,311,143,2.17,105,0,11,23.3,0
52:01.2,1041,5082,134,37,3.62,46,1,50,23.3,0
51:18.2,1059,5019,474,256,1.85,85,0,60,23.3,0
47:08.2,1023,5030,147,347,0.42,137,1,81,23.3,0
55:14.2,1044,5067,193,18,10.72,172,1,24,23.3,0
29:33.2,1046,5074,271,206,1.32,228,0,63,23.3,1
02:50.2,1066,5014,303,318,0.95,14,0,76,23.3,0
24:42.2,1099,5068,64,504,0.13,15,0,19,23.3,0
42:20.2,1048,5021,340,276,1.23,29,0,49,23.3,1
06:57.2,1004,5010,444,90,4.93,273,0,15,23.3,0
37:25.2,1084,5068,133,557,0.24,145,0,71,23.3,0
08:36.2,1006,5031,168,498,0.34,191,1,48,23.3,0
26:47.2,1059,5051,294,377,0.78,19,0,49,23.3,0
03:44.2,1073,5037,337,265,1.27,260,1,66,23.3,0
57:58.2,1089,5027,484,120,4.03,108,0,22,23.3,1
43:55.2,1054,5097,238,182,1.31,204,0,16,23.3,0
59:00.2,1065,5078,66,315,0.21,144,1,52,23.3,0
49:48.2,1067,5021,113,221,0.51,164,0,71,23.3,0
44:13.2,1071,5064,75,102,0.74,70,1,61,23.3,0
07:12.2,1037,5040,102,359,0.28,46,1,64,23.3,0
35:29.2,1066,5006,62,416,0.15,87,0,88,23.3,1
16:47.2,1029,5027,315,588,0.54,133,0,89,23.3,0
03:44.2,1065,5072,339,543,0.62,132,0,20,23.3,0
54:07.2,1000,5069,37,227,0.16,209,1,73,23.3,0
56:21.2,1040,5079,349,363,0.96,192,0,72,23.3,0
15:44.2,1091,5020,50,454,0.11,73,1,98,23.3,0
18:45.2,1062,5090,166,461,0.36,262,1,60,23.3,0
25:57.2,1088,5021,356,299,1.19,81,1,87,23.3,0
54:32.2,1044,5070,68,462,0.15,229,1,15,23.3,0
08:59.2,1044,5057,296,501,0.59,8,1,16,23.3,0
47:42.2,1051,5071,399,586,0.68,256,0,46,23.3,0
29:29.2,1080,5064,498,360,1.38,178,0,71,23.3,0
50:13.2,1053,5090,242,456,0.53,283,0,77,23.3,0
25:40.2,1084,5037,1,406,0,297,1,29,23.3,0
49:34.2,1051,5026,483,214,2.26,246,1,84,23.3,0
24:41.2,1082,5006,488,423,1.15,283,1,44,23.3,0
27:09.2,1068,5069,73,249,0.29,4,1,38,23.3,0
51:10.2,1007,5044,431,139,3.1,266,1,22,23.3,0
29:35.2,1070,5013,39,198,0.2,56,0,59,23.3,0
14:00.2,1018,5025,469,270,1.74,236,1,42,23.3,0
27:10.2,1077,5012,207,143,1.45,258,0,74,23.3,0
14:33.2,1055,5025,256,77,3.32,255,1,88,23.3,0
00:07.2,1029,5076,145,189,0.77,274,1,88,23.3,0
30:36.2,1077,5054,342,557,0.61,150,0,20,23.3,0
36:59.2,1064,5019,108,385,0.28,253,0,17,23.3,0
05:15.2,1022,5041,432,580,0.74,161,0,49,23.3,0
23:29.2,1003,5043,2,502,0,281,0,28,23.3,0
08:41.2,1096,5001,334,356,0.94,73,1,13,23.3,0
10:15.2,1094,5083,84,260,0.32,178,0,58,23.3,0
23:38.2,1054,5045,17,597,0.03,81,0,91,23.3,0
53:57.2,1037,5084,363,556,0.65,206,0,88,23.3,0
00:29.2,1013,5078,478,27,17.7,145,1,46,23.3,0
32:08.2,1058,5019,319,206,1.55,296,1,93,23.3,0
03:18.2,1043,5072,215,453,0.47,183,0,76,23.3,0
37:40.2,1039,5087,311,395,0.79,292,0,36,23.3,0
58:11.2,1062,5042,388,431,0.9,201,1,96,23.3,0
36:20.2,1097,5083,127,202,0.63,289,1,39,23.3,0
00:24.2,1009,5027,140,588,0.24,17,1,57,23.3,0
42:11.2,1086,5078,61,439,0.14,181,0,14,23.3,0
